{"data_time": 0.01825396549998004, "eta_seconds": 180.9402763199705, "fast_rcnn/cls_accuracy": 0.53515625, "fast_rcnn/false_negative": 0.06631578947368422, "fast_rcnn/fg_cls_accuracy": 0.40588235294117647, "iteration": 19, "loss_box_reg": 0.49101558327674866, "loss_cls": 1.7524863481521606, "loss_rpn_cls": 0.003725679940544069, "loss_rpn_loc": 0.012383689172565937, "lr": 9.740499999999999e-05, "rank_data_time": 0.01825396549998004, "roi_head/num_bg_samples": 112.75, "roi_head/num_fg_samples": 15.25, "rpn/num_neg_anchors": 246.25, "rpn/num_pos_anchors": 9.75, "time": 0.37695890899993856, "total_loss": 2.199899010010995}
{"data_time": 0.016111151000018253, "eta_seconds": 156.53734403998783, "fast_rcnn/cls_accuracy": 0.91015625, "fast_rcnn/false_negative": 1.0, "fast_rcnn/fg_cls_accuracy": 0.0, "iteration": 39, "loss_box_reg": 0.34589189291000366, "loss_cls": 0.387869194149971, "loss_rpn_cls": 0.0021524219773709774, "loss_rpn_loc": 0.011034870520234108, "lr": 0.00019730500000000002, "rank_data_time": 0.016111151000018253, "roi_head/num_bg_samples": 116.25, "roi_head/num_fg_samples": 11.75, "rpn/num_neg_anchors": 247.75, "rpn/num_pos_anchors": 8.25, "time": 0.32382596300004707, "total_loss": 0.8145266827195883}
{"data_time": 0.005565172499984783, "eta_seconds": 142.4834237200207, "fast_rcnn/cls_accuracy": 0.91796875, "fast_rcnn/false_negative": 0.8032258064516129, "fast_rcnn/fg_cls_accuracy": 0.1967741935483871, "iteration": 59, "loss_box_reg": 0.44327056407928467, "loss_cls": 0.16045378893613815, "loss_rpn_cls": 0.0015285490080714226, "loss_rpn_loc": 0.007360170129686594, "lr": 0.000297205, "rank_data_time": 0.005565172499984783, "roi_head/num_bg_samples": 112.25, "roi_head/num_fg_samples": 15.75, "rpn/num_neg_anchors": 248.0, "rpn/num_pos_anchors": 8.0, "time": 0.2939589795000188, "total_loss": 0.5985437261988409}
{"data_time": 0.017262153000046965, "eta_seconds": 136.00690446001977, "fast_rcnn/cls_accuracy": 0.984375, "fast_rcnn/false_negative": 0.02, "fast_rcnn/fg_cls_accuracy": 0.98, "iteration": 79, "loss_box_reg": 0.2752722501754761, "loss_cls": 0.07080454379320145, "loss_rpn_cls": 0.0011376378242857754, "loss_rpn_loc": 0.008773323148488998, "lr": 0.00039710500000000003, "rank_data_time": 0.017262153000046965, "roi_head/num_bg_samples": 115.5, "roi_head/num_fg_samples": 12.5, "rpn/num_neg_anchors": 248.0, "rpn/num_pos_anchors": 8.0, "time": 0.32273262500001465, "total_loss": 0.35180459018738475}
{"data_time": 0.005250375000002805, "eta_seconds": 126.63328379999257, "fast_rcnn/cls_accuracy": 0.98828125, "fast_rcnn/false_negative": 0.04927536231884058, "fast_rcnn/fg_cls_accuracy": 0.9507246376811594, "iteration": 99, "loss_box_reg": 0.1587882786989212, "loss_cls": 0.06028401479125023, "loss_rpn_cls": 0.0019978444324806333, "loss_rpn_loc": 0.008503088727593422, "lr": 0.000497005, "rank_data_time": 0.005250375000002805, "roi_head/num_bg_samples": 116.25, "roi_head/num_fg_samples": 11.75, "rpn/num_neg_anchors": 248.5, "rpn/num_pos_anchors": 7.5, "time": 0.3029088184999864, "total_loss": 0.2380946696503088}
{"data_time": 0.009264049500018245, "eta_seconds": 117.85763441001677, "fast_rcnn/cls_accuracy": 0.974609375, "fast_rcnn/false_negative": 0.04554655870445344, "fast_rcnn/fg_cls_accuracy": 0.9544534412955465, "iteration": 119, "loss_box_reg": 0.19256843626499176, "loss_cls": 0.06701131537556648, "loss_rpn_cls": 0.000863206572830677, "loss_rpn_loc": 0.008168471744284034, "lr": 0.000596905, "rank_data_time": 0.009264049500018245, "roi_head/num_bg_samples": 111.5, "roi_head/num_fg_samples": 16.5, "rpn/num_neg_anchors": 248.5, "rpn/num_pos_anchors": 7.5, "time": 0.29530269049996605, "total_loss": 0.2600405387202045}
{"data_time": 0.005411685500007479, "eta_seconds": 110.35188449999396, "fast_rcnn/cls_accuracy": 0.978515625, "fast_rcnn/false_negative": 0.04702702702702703, "fast_rcnn/fg_cls_accuracy": 0.952972972972973, "iteration": 139, "loss_box_reg": 0.15919490903615952, "loss_cls": 0.05199936032295227, "loss_rpn_cls": 0.0015989901148714125, "loss_rpn_loc": 0.00691942754201591, "lr": 0.0006968050000000001, "rank_data_time": 0.005411685500007479, "roi_head/num_bg_samples": 113.25, "roi_head/num_fg_samples": 14.75, "rpn/num_neg_anchors": 248.5, "rpn/num_pos_anchors": 7.5, "time": 0.29356197550004026, "total_loss": 0.22558419273991603}
{"data_time": 0.009066484500010574, "eta_seconds": 104.73509463998539, "fast_rcnn/cls_accuracy": 0.98046875, "fast_rcnn/false_negative": 0.06696428571428571, "fast_rcnn/fg_cls_accuracy": 0.9330357142857143, "iteration": 159, "loss_box_reg": 0.11642415449023247, "loss_cls": 0.05716737359762192, "loss_rpn_cls": 0.0005339334602467716, "loss_rpn_loc": 0.008258538087829947, "lr": 0.0007967050000000001, "rank_data_time": 0.009066484500010574, "roi_head/num_bg_samples": 111.75, "roi_head/num_fg_samples": 16.25, "rpn/num_neg_anchors": 248.25, "rpn/num_pos_anchors": 7.75, "time": 0.33115162450002344, "total_loss": 0.1950800994227393}
{"data_time": 0.005416103000015937, "eta_seconds": 98.61475312000039, "fast_rcnn/cls_accuracy": 0.984375, "fast_rcnn/false_negative": 0.013513513513513514, "fast_rcnn/fg_cls_accuracy": 0.9864864864864865, "iteration": 179, "loss_box_reg": 0.12014562636613846, "loss_cls": 0.04974273405969143, "loss_rpn_cls": 0.0007785609050188214, "loss_rpn_loc": 0.006185612408444285, "lr": 0.000896605, "rank_data_time": 0.005416103000015937, "roi_head/num_bg_samples": 113.0, "roi_head/num_fg_samples": 15.0, "rpn/num_neg_anchors": 249.75, "rpn/num_pos_anchors": 6.25, "time": 0.30902100950004296, "total_loss": 0.18310178152751178}
{"data_time": 0.0052375079999933405, "eta_seconds": 92.56128405001505, "fast_rcnn/cls_accuracy": 0.97265625, "fast_rcnn/false_negative": 0.08290598290598292, "fast_rcnn/fg_cls_accuracy": 0.9170940170940172, "iteration": 199, "loss_box_reg": 0.1866712123155594, "loss_cls": 0.07638261467218399, "loss_rpn_cls": 0.0009213922312483191, "loss_rpn_loc": 0.007175235776230693, "lr": 0.000996505, "rank_data_time": 0.0052375079999933405, "roi_head/num_bg_samples": 112.25, "roi_head/num_fg_samples": 15.75, "rpn/num_neg_anchors": 250.5, "rpn/num_pos_anchors": 5.5, "time": 0.30960037750003266, "total_loss": 0.24882633726519998}
{"data_time": 0.011889493000012408, "eta_seconds": 86.64736625999467, "fast_rcnn/cls_accuracy": 0.970703125, "fast_rcnn/false_negative": 0.04805491990846682, "fast_rcnn/fg_cls_accuracy": 0.9519450800915332, "iteration": 219, "loss_box_reg": 0.17445430159568787, "loss_cls": 0.09127841517329216, "loss_rpn_cls": 0.003414906794205308, "loss_rpn_loc": 0.009463426657021046, "lr": 0.001096405, "rank_data_time": 0.011889493000012408, "roi_head/num_bg_samples": 112.5, "roi_head/num_fg_samples": 15.5, "rpn/num_neg_anchors": 249.25, "rpn/num_pos_anchors": 6.75, "time": 0.3190401344999714, "total_loss": 0.26584104701760225}
{"data_time": 0.011935976500012657, "eta_seconds": 80.75776267001629, "fast_rcnn/cls_accuracy": 0.984375, "fast_rcnn/false_negative": 0.016666666666666666, "fast_rcnn/fg_cls_accuracy": 0.9833333333333334, "iteration": 239, "loss_box_reg": 0.1138426624238491, "loss_cls": 0.044962262734770775, "loss_rpn_cls": 0.0019478787435218692, "loss_rpn_loc": 0.00957995792850852, "lr": 0.001196305, "rank_data_time": 0.011935976500012657, "roi_head/num_bg_samples": 112.5, "roi_head/num_fg_samples": 15.5, "rpn/num_neg_anchors": 248.0, "rpn/num_pos_anchors": 8.0, "time": 0.31758047849996274, "total_loss": 0.17908555844405782}
{"data_time": 0.013277619000064078, "eta_seconds": 74.8129685999993, "fast_rcnn/cls_accuracy": 0.98828125, "fast_rcnn/false_negative": 0.0, "fast_rcnn/fg_cls_accuracy": 1.0, "iteration": 259, "loss_box_reg": 0.1051430031657219, "loss_cls": 0.036807652562856674, "loss_rpn_cls": 0.0005134845268912613, "loss_rpn_loc": 0.005682070390321314, "lr": 0.001296205, "rank_data_time": 0.013277619000064078, "roi_head/num_bg_samples": 115.75, "roi_head/num_fg_samples": 12.25, "rpn/num_neg_anchors": 249.75, "rpn/num_pos_anchors": 6.25, "time": 0.3418274384999904,